title,author,link,comment_ID,time
ALERT TO ALL WHO WANT TO DISCUSS BOATING SERIOUSLY,MarvelousBilly,https://redd.it/h9lyx1,h9lyx1,2020-06-16 00:03:03
Vaporeon,LoretaCharizard,https://redd.it/znw2wb,znw2wb,2022-12-17 08:06:11
My works fix to a snapped alternator bolt at work after failed retapping,itsyeboimustardspoon,https://redd.it/16iwpe4,16iwpe4,2023-09-15 04:26:51
Can you help me identify this boat?,EdDrew472,https://redd.it/16f3cui,16f3cui,2023-09-10 21:09:16
Help Identifying this boat,cheesetweeze,https://redd.it/167gjwc,167gjwc,2023-09-02 00:57:51
Help out a new boater,Djdan1437,https://redd.it/166a7bq,166a7bq,2023-08-31 18:16:09
Any idea what type/brand of boat this is?,oopssomething,https://redd.it/16145hn,16145hn,2023-08-25 22:04:26
Water in cylinder 2 and 3?,umadbraugh,https://redd.it/15wrj4i,15wrj4i,2023-08-21 05:41:15
Abuh? New fwob gardening series with major and don?,spiderdan111,https://redd.it/15pyfg5,15pyfg5,2023-08-13 18:35:31
This is my boat a lott betterü§ë,Technical-Read-3149,https://redd.it/15pubpw,15pubpw,2023-08-13 14:51:50
Yachts and boats available,Silent_Wafer_5899,https://redd.it/15p1wfl,15p1wfl,2023-08-12 16:43:51
Tilt trim and electrical issues.. electric guru needed.,JohnHancock1969,https://redd.it/15ornkv,15ornkv,2023-08-12 07:26:54
Thinking about selling my boat.,captjay69,https://redd.it/15nev0u,15nev0u,2023-08-10 20:30:36
"Help: I‚Äôve been trying to revive an early 2000‚Äôs Maxum boat, unfortunately no start and no power even with new batteries and fuses double and triple checked (little to cabin none to dash). She ran 3 years ago when he last took it out but the. It started smoked from the engine bay please help.",Matt_makes01,https://redd.it/15m397h,15m397h,2023-08-09 08:44:40
Dual console vs center console,Hour_Economy3124,https://redd.it/15k8f9x,15k8f9x,2023-08-07 08:24:13
"The gear on our starter has lost its teeth (evinrude v4 100 can 1990s?). Easy to find and replace, any advice is appreciated.",Little-Shoe-Woodwork,https://redd.it/15jx94n,15jx94n,2023-08-07 00:19:55
Part ID and how much labor needed,slippyslo,https://redd.it/15hijbu,15hijbu,2023-08-04 04:13:17
Not sure if this is allowed.. This is a mercruiser 898 5.0l. 1979 century 19ft. What wire goes to ignition?,Ok_Firefighter_6323,https://redd.it/15gamx4,15gamx4,2023-08-02 20:08:54
How do I start a boat dealership?,theMEtheWORLDcantSEE,https://redd.it/15f3sis,15f3sis,2023-08-01 11:30:59
Boat fire,Dependent_Home4224,https://redd.it/15d7wwq,15d7wwq,2023-07-30 06:19:46
What is this boat?,Confident-Smile-37,https://redd.it/159qc70,159qc70,2023-07-26 05:59:46
Prop options,actrak,https://redd.it/157onon,157onon,2023-07-24 01:31:59
What the heck is this????????,Lonelyparty0918,https://redd.it/1548zvt,1548zvt,2023-07-20 03:55:53
Is this safe to use?,Friendscompany604,https://redd.it/151kv40,151kv40,2023-07-17 04:47:19
Drive boat under bridge to avoid Shark. Atlantic Ocean NY Harbor #shorts,Mitchie7200s,https://redd.it/14z2rr2,14z2rr2,2023-07-14 07:06:51
Need help with switches on a 2002 Nitro 700Ix,Megadon13,https://redd.it/14x7fin,14x7fin,2023-07-12 05:08:51
Boat ID (style/Model/Brand),RichieWitts,https://redd.it/14v8z3w,14v8z3w,2023-07-10 02:03:52
What boat,pyroracing85,https://redd.it/14ui9w6,14ui9w6,2023-07-09 04:35:38
The EASIEST Way To Gas Up Your Boat!,mc1202,https://redd.it/14snxlx,14snxlx,2023-07-07 03:54:28
Need help identifying this boat. Anything helps thank you,Dramatic_Map8360,https://redd.it/14qpd0y,14qpd0y,2023-07-05 01:32:07
I like Boat!üëΩ‚öìÔ∏è‚õµÔ∏èüåä,_mercuryman_,https://redd.it/14q0xoq,14q0xoq,2023-07-04 06:51:57
My first time on a boat. Am I wearing the wrong clothes for a both tho?,Anasbos,https://redd.it/14qm3bn,14qm3bn,2023-07-04 23:25:12
My first boat! Meet Mary Waters üí¶,yody_likes_dogs,https://redd.it/14ptpo1,14ptpo1,2023-07-04 01:53:08
"Help, What motor do I have?",Cryptik_Bliss,https://redd.it/14ovgl1,14ovgl1,2023-07-03 00:01:04
need new main pole for bimini 1982 smoker craft 16 foot (no idea what the model is) full console,Technical-Usual7059,https://redd.it/14o2pht,14o2pht,2023-07-02 00:26:50
What are these for?,Hydroponic_Dank,https://redd.it/14nu70n,14nu70n,2023-07-01 18:12:15
We should probably either remove this sub or give it to r/boating at this point,ItsSweetJP,https://redd.it/14n83rx,14n83rx,2023-06-30 23:56:10
Hydraulic steering support rod too long,magnumpl,https://redd.it/14miprw,14miprw,2023-06-30 04:03:56
Which to choose,SleepAlarming2271,https://redd.it/14mdr3n,14mdr3n,2023-06-30 00:48:19
2000 Alumacraft 170 Tournament Series (tiller) Transom Issue,ChewOnPoo2,https://redd.it/14lcgo8,14lcgo8,2023-06-28 20:55:29
Hope this is allowed to post new video upload of the Duke of Lancaster Ship,AIRBORNE_VLOGS2023,https://redd.it/14iv3za,14iv3za,2023-06-26 01:08:26
Transom to low,actrak,https://redd.it/14ic9bt,14ic9bt,2023-06-25 09:31:46
Where can I find this?,thatdallasniceguy,https://redd.it/14i9oi7,14i9oi7,2023-06-25 07:17:01
First day out on our 2021 Hewes Redfisher 18 and breaking in the Yamaha ...,Plenty_Location_3357,https://redd.it/14gzp2o,14gzp2o,2023-06-23 19:44:53
Hewes 18 Redfisher 2021 (Coming home and hoping it fits in the garage!),Plenty_Location_3357,https://redd.it/14g576p,14g576p,2023-06-22 20:04:48
DIY How to attach SUP to side of Pontoon Boat?,Odd-Goose-8394,https://redd.it/14fb0em,14fb0em,2023-06-21 21:07:18
What boat is this?,PumpkinHeavy,https://redd.it/14bt49x,14bt49x,2023-06-17 20:24:58
"So like, should this sub be retired now and let boat (not the funny haha kind) people have it or",JoCaReding,https://redd.it/14bhgve,14bhgve,2023-06-17 10:08:11
Bedroom?,Meeperjb,https://redd.it/146zvkc,146zvkc,2023-06-11 23:02:56
Azimut Yachts‚ÄôGala,Rare_Fish3406,https://redd.it/146obwj,146obwj,2023-06-11 13:49:29
One side connectivity of earbuds,Payal1906,https://redd.it/145ty4h,145ty4h,2023-06-10 13:16:19
boatsune miku,Red_Totey,https://redd.it/144xrt5,144xrt5,2023-06-09 12:20:42
important please read,Yargle101,https://redd.it/1434tdd,1434tdd,2023-06-07 11:22:34
o7,Danny_dankvito,https://redd.it/1432jsl,1432jsl,2023-06-07 09:23:25
bo7at,EuGaguejei,https://redd.it/1431hhu,1431hhu,2023-06-07 08:31:05
The Status of r/Boat post the end of FWOB,Meeperjb,https://redd.it/1432bbu,1432bbu,2023-06-07 09:11:44
o7,whoandwhataami,https://redd.it/142ueev,142ueev,2023-06-07 03:19:32
Super Veloce,aLittleKindness9,https://redd.it/142wf48,142wf48,2023-06-07 04:39:24
Does anyone know what is this structure under this boat?,paaacu,https://redd.it/13zen9q,13zen9q,2023-06-03 20:02:22
Donzi 21 LXR,Parking-Page,https://redd.it/13zd9yz,13zd9yz,2023-06-03 19:11:46
Adapting battery post sizes,SticksAndBones143,https://redd.it/13yuo64,13yuo64,2023-06-03 05:52:01
lithium ion batteries,bilbowagons3,https://redd.it/13xugr4,13xugr4,2023-06-02 03:20:38
Incoming,Baltimoremd_brian,https://redd.it/13vzwk1,13vzwk1,2023-05-31 01:10:03
"Mercury 150 XR6 overheat caused by earwig? Boat temp was fine at idle and full throttle but anything between it was overheating. Going to replace water pump, thermostats, and poppet valve to eliminate the issue and for maintenance. When taking the poppet valve off I noticed a earwig (pincher bug)",sunnynight2,https://redd.it/13w2g1u,13w2g1u,2023-05-31 02:48:48
ID for this boat?,someonesproblem,https://redd.it/13uz1xj,13uz1xj,2023-05-29 21:39:58
Outboard problem,gunther12344,https://redd.it/13u7ynq,13u7ynq,2023-05-29 00:20:51
Experience with the Bayliner Capri 2051 ss,OrangeBlubbit,https://redd.it/13tkiop,13tkiop,2023-05-28 04:18:24
Will this work for my 1977 7.5 mercury,,https://redd.it/13sxdrv,13sxdrv,2023-05-27 09:30:17
Help identifying leak,GotCapped,https://redd.it/13rvu3b,13rvu3b,2023-05-26 04:13:50
Wake/Surf Boat Prices - can they sustain?,cbizy,https://redd.it/13qxcr9,13qxcr9,2023-05-25 02:22:52
How bad is this damage?,AdministrativeAnt681,https://redd.it/13q7uaq,13q7uaq,2023-05-24 07:29:06
I have a J109 and was thinking about having friends on it over the weekend. Does anyone know up to how many people I could have on this boat at once?,PersonalHarp461,https://redd.it/13ps699,13ps699,2023-05-23 21:13:44
1978 25 hp evinrude,Nathanstegmiller,https://redd.it/13oatk5,13oatk5,2023-05-22 05:40:39
Palliyodam boat (traditional ) boat lauch kerala india,cherianmt,https://redd.it/13nzy8t,13nzy8t,2023-05-21 22:21:41
Momarsh 13‚Äô,Sad-Display-1706,https://redd.it/13loca4,13loca4,2023-05-19 13:04:17
Office‚Äôs opening party during the boat show,Rare_Fish3406,https://redd.it/13kxyf6,13kxyf6,2023-05-18 18:06:13
1995 yamaha 115hp 2 stroke/ HELP,Perfect_Rutabaga_980,https://redd.it/13iq39q,13iq39q,2023-05-16 06:15:18
Ed Sheeran made the funniest song ever,Avatar-Pabu,https://redd.it/13ht0yo,13ht0yo,2023-05-15 06:34:32
Brown liquid after starting boat.,Cultural_Ground_9924,https://redd.it/13hkhwf,13hkhwf,2023-05-15 00:38:56
What model is this boat,mr_samtst,https://redd.it/13ggsym,13ggsym,2023-05-13 18:23:01
"Going around the internet is a very fun experience, especially when I am watching my favorite let‚Äôs play channel. When they say boat it‚Äôs funny every time. Pic is stolen from google",Red_Totey,https://redd.it/13eiveq,13eiveq,2023-05-11 15:37:50
Came into a plethora of cash last year and would love advice looking to purchase a bass boat,Ross199312,https://redd.it/13cohqr,13cohqr,2023-05-09 18:05:48
ThisLooksFun,P-3-P-S-I,https://redd.it/134lwbr,134lwbr,2023-05-01 18:32:01
Toon-Brite Pontoon & Aluminum Boat Cleaner,mc1202,https://redd.it/132c0u0,132c0u0,2023-04-29 04:09:19
I'd got an 1978 hull that I would like to cut out the top of the bow and turn it into seating. This boat only sees freshwater reservoirs. Does anyone know if this part of the boat is structural and needed to keep the front from flexing against waves?,Cute-University5283,https://redd.it/12ud81b,12ud81b,2023-04-21 23:46:59
Boat tank replacement on 2005 Edgewater. Tell me what you think so far.,Intrepid-Ice-6286,https://redd.it/12sllqb,12sllqb,2023-04-20 09:44:29
Pontoon Boat Stains (iron),Fun_Top5285,https://redd.it/12r3twd,12r3twd,2023-04-19 02:18:27
Hydrolic fluiddd,ograv67,https://redd.it/12nmr54,12nmr54,2023-04-16 04:54:45
Hi I wanted to know what this called came from my aunt boat,Edwin199328,https://redd.it/12krbfa,12krbfa,2023-04-13 20:06:02
Car,Meeperjb,https://redd.it/128s4oq,128s4oq,2023-04-01 22:32:29
